{
  "user_stats": {
    "total_users": 414,
    "users_with_email": 414,
    "users_with_tushare": 10,
    "users_tushare_enabled": 0,
    "credits_avg": 48.14,
    "credits_min": 0,
    "credits_max": 971,
    "new_users_7days": 1,
    "new_users_30days": 79
  },
  "chat_stats": {
    "total_sessions": 1346,
    "total_conversations": 1750,
    "total_messages": 2344,
    "messages_7days": 42,
    "messages_30days": 377,
    "avg_messages_per_user": 4.76,
    "top_users": [
      {
        "username": "gg",
        "message_count": 61
      },
      {
        "username": "jigme",
        "message_count": 42
      },
      {
        "username": "boonhangtai",
        "message_count": 29
      },
      {
        "username": "manhahaha",
        "message_count": 28
      },
      {
        "username": "ugd26mf1g6",
        "message_count": 28
      },
      {
        "username": "kkcldc",
        "message_count": 25
      },
      {
        "username": "A1",
        "message_count": 24
      },
      {
        "username": "yc123456",
        "message_count": 24
      },
      {
        "username": "qxy",
        "message_count": 23
      },
      {
        "username": "Ppdnn",
        "message_count": 21
      }
    ]
  },
  "tool_stats": {
    "unknown": 11918
  },
  "generated_at": "2025-11-15T06:55:50.243170"
}